User_id;Last_Name;Name;Age;Cell_number;Sign_date
U001;Buccheri;Joseph;57;940167836;02/01/2023
U002;Daneault;Lynn;24;952576747;05/01/2023
U003;Baczenski;Rachael;33;917480731;09/01/2023
U004;Corleone;Michael;25;915049210;12/01/2023
U005;Biden;Lowan;47;983314010;15/01/2023
U006;Burkett;Benjamin;63;983006563;18/01/2023
U007;Ferguson;Susan;70;933443326;21/01/2023
U008;Foss;Jason;46;992754662;24/01/2023
U009;Becker;Scott;33;943311409;28/01/2023
U010;Bugali;Josephine;45;934095784;31/01/2023
U011;Dietrich;Jenna;36;973798324;03/02/2023
U012;Athwal;Sam;29;974438189;06/02/2023
U013;Fancett;Nicole;43;926279385;09/02/2023
U014;Adinolfi;Wilson;55;988870628;12/02/2023
U015;Cornett;Lisa;27;991398143;15/02/2023
U016;Desimone;Carl;59;951318786;18/02/2023
U017;Bates;Norman;59;930117535;21/02/2023
U018;Carabbio;Judith;45;-;24/02/2023
U019;Barton;Nader;23;995191395;28/02/2023
U020;Burke;Joelle;23;979089310;03/03/2023
U021;Galia;Lisa;66;975227847;06/03/2023
U022;Delarge;Alex;24;930361166;09/03/2023
U023;Cole;Spencer;54;992952356;12/03/2023
U024;Costello;Frank;39;983487987;15/03/2023
U025;Bunbury;Jessica;68;923889959;18/03/2023
U026;Engdahl;Jean;36;915082781;21/03/2023
U027;Bernstein;Sean;28;974108651;24/03/2023
U028;Exantus;Susan;32;984471892;28/03/2023
U029;Chivukula;Enola;31;988326149;31/03/2023
U030;Cockel;James;20;960011980;02/04/2023
U031;Blount;Dianna;48;961344376;04/04/2023
U032;Forrest;Alex;46;935829379;07/04/2023
U033;Andreola;Colby;54;912075254;09/04/2023
U034;Fraval;Maruk;49;997827785;11/04/2023
U035;Carr;Claudia;42;949933968;13/04/2023
U036;Dickinson;Geoff;24;921373577;15/04/2023
U037;Bacong;Alejandro;59;965334317;17/04/2023
U038;Carter;Michelle;24;950287599;19/04/2023
U039;Chigurh;Anton;37;983481701;21/04/2023
U040;Bachiochi;Linda;29;907233073;24/04/2023
U041;Fidelia;Libby;26;908567455;27/04/2023
U042;Cierpiszewski;Caroline;66;909403849;30/04/2023
U043;Del Bosque;Keyla;35;924415500;03/05/2023
U044;Estremera;Miguel;55;985188628;08/05/2023
U045;Close;Phil;38;950479801;14/05/2023
U046;Candie;Calvin;48;947048203;20/05/2023
U047;Corleone;Vito;30;911050267;28/05/2023
U048;Davis;Daniel;63;990309058;05/06/2023
U049;Foreman;Tanya;65;940298712;15/06/2023
U050;Clukey;Elijian;51;969808122;25/06/2023
U051;Dolan;Linda;50;919100816;22/04/2023
U052;Beak;Kimberly;36;962033381;25/04/2023
U053;Crimmings;Jean;42;941718077;28/04/2023
U054;Dobrin;DenisaS;69;929852280;01/05/2023
U055;England;Rex;59;947937327;04/05/2023
U056;Daniele;Ann;61;997935438;07/05/2023
U057;Evensen;April;57;986640947;11/05/2023
U058;Demita;Carla;27;962361778;15/05/2023
U059;Becker;Renee;51;964290908;18/05/2023
U060;Faller;Megan;61;970489499;21/05/2023
U061;Anderson;Carol;46;993762273;24/05/2023
U062;Chan;Lin;21;999920693;28/05/2023
U063;Cloninger;Jennifer;37;963110416;31/05/2023
U064;Cross;Noah;68;907976056;03/06/2023
U065;Dougall;Eric;60;927520233;06/06/2023
U066;Carey;Michael;70;941300154;10/06/2023
U067;DeGweck;James;38;-;13/06/2023
U068;Dunn;Amy;56;994985784;16/06/2023
U069;Bondwell;Betsy;46;974873021;19/06/2023
U070;Boutwell;Bonalyn;35;938738543;23/06/2023
U071;Barbossa;Hector;44;909529105;27/06/2023
U072;Akinkuolie;Sarah;25;969836886;01/07/2023
U073;Bozzi;Charles;36;969330166;04/07/2023
U074;Erilus;Angela;39;952527820;07/07/2023
U075;Fitzpatrick;MichaelJ;54;907598587;11/07/2023
U076;Champaigne;Brian;39;948945783;14/07/2023
U077;Beatrice;Courtney;47;962100626;18/07/2023
U078;Eaton;Marianne;29;984932655;21/07/2023
U079;Fett;Boba;26;924145984;24/07/2023
U080;Billis;Helen;24;977267451;27/07/2023
U081;Driver;Elle;51;972623861;30/07/2023
U082;Booth;Frank;20;950685683;02/08/2023
U083;Cady;Max;64;989744894;05/08/2023
U084;Barbara;Thomas;60;942963692;08/08/2023
U085;Dunne;Amy;62;932194752;10/08/2023
U086;Alagbe;Trina;61;909821380;12/08/2023
U087;Chace;Beatrice;25;939526406;14/08/2023
U088;Brown;Mia;20;-;16/08/2023
U089;Barone;Francesco;66;933756736;18/08/2023
U090;DeVito;Tommy;23;997134262;20/08/2023
U091;Chang;Donovan;33;994412560;22/08/2023
U092;Darson;Jene'ya;30;974454910;25/08/2023
U093;Anderson;Linda;68;949665742;28/08/2023
U094;Ait Sidi;Karthikeyan;41;908698966;31/08/2023
U095;DiNocco;Lily;31;967849413;05/09/2023
U096;Fernandes;Nilson;50;957686247;12/09/2023
U097;Dee;Randy;52;976244298;20/09/2023
U098;Clayton;Rick;43;983290349;28/09/2023
U099;Foster-Baker;Amy;55;918747892;05/10/2023
U100;Brill;Donna;70;976132292;15/10/2023
U101;Garcia;Raul;38;985584119;20/08/2023
U102;Gaul;Barbara;65;970523791;24/08/2023
U103;Gentry;Mildred;50;994952064;27/08/2023
U104;Gerke;Melisa;60;975215461;30/08/2023
U105;Gill;Whitney;44;992937075;03/09/2023
U106;Gilles;Alex;66;997766478;06/09/2023
U107;Girifalco;Evelyn;63;910495437;09/09/2023
U108;Givens;Myriam;22;946235794;13/09/2023
U109;Goble;Taisha;43;921238317;16/09/2023
U110;Goeth;Amon;31;970234642;20/09/2023
U111;Gold;Shenice;67;908743593;23/09/2023
U112;Gonzalez;Cayo;55;979037631;26/09/2023
U113;Gonzalez;Juan;69;-;30/09/2023
U114;Gonzalez;Maria;29;923439261;03/10/2023
U115;Good;Susan;61;970467587;06/10/2023
U116;Gordon;David;33;926743798;10/10/2023
U117;Gosciminski;Phylicia;52;928438196;13/10/2023
U118;Goyal;Roxana;43;951646294;17/10/2023
U119;Gray;Elijiah;28;979734181;21/10/2023
U120;Gross;Paula;57;946582383;24/10/2023
U121;Gruber;Hans;58;914078144;28/10/2023
U122;Guilianno;Mike;69;909703844;31/10/2023
U123;Handschiegl;Joanne;45;996674092;04/11/2023
U124;Hankard;Earnest;55;971514904;07/11/2023
U125;Harrington;Christie;23;990783637;10/11/2023
U126;Harrison;Kara;69;960474854;13/11/2023
U127;Heitzman;Anthony;48;961304789;16/11/2023
U128;Hendrickson;Trina;48;964785668;19/11/2023
U129;Hitchcock;Alfred;24;-;22/11/2023
U130;Homberger;AdrienneJ;58;977556988;26/11/2023
U131;Horton;Jayne;65;931209268;29/11/2023
U132;Houlihan;Debra;56;333333999;02/12/2023
U133;Howard;Estelle;20;993469170;05/12/2023
U134;Hudson;Jane;68;984150966;08/12/2023
U135;Hunts;Julissa;26;931874946;11/12/2023
U136;Hutter;Rosalie;47;993814961;14/12/2023
U137;Huynh;Ming;57;111111111;17/12/2023
U138;Immediato;Walter;31;910085043;20/12/2023
U139;Ivey;Rose;39;990891218;23/12/2023
U140;Jackson;Maryellen;42;995919704;26/12/2023
U141;Jacobi;Hannah;39;920461862;28/12/2023
U142;Jeannite;Tayana;68;956643586;30/12/2023
U143;Jhaveri;Sneha;67;941120014;31/12/2023
U144;Johnson;George;65;932517501;31/12/2023
U145;Johnson;Noelle;45;-;31/12/2023
U146;Johnston;Yen;40;980449356;31/12/2023
U147;Jung;Judy;20;965232831;31/12/2023
U148;Kampew;Donysha;39;916799688;31/12/2023
U149;Keatts;Kramer;48;958254886;31/12/2023
U150;Khemmich;Bartholeme;69;934081135;31/12/2023
